id	createDate	creator_id	discussionCategory
1	1237947583374	1	QUESTION
2	1237967475980	2	QUESTION
3	1237967657946	3	QUESTION
4	1238002694591	1	QUESTION
5	1238012742517	49	QUESTION
6	1238012797736	49	QUESTION
7	1238030908692	3	QUESTION
8	1238093032365	48	QUESTION
9	1238104421614	38	QUESTION
10	1238110542345	38	QUESTION
11	1238416746450	2	QUESTION
12	1238428020837	52	QUESTION
13	1238519359048	3	QUESTION
14	1238533601035	8	QUESTION
15	1238538927346	8	QUESTION
16	1238607107206	1	QUESTION
17	1238636701649	48	QUESTION
18	1238641090162	8	QUESTION
19	1238691914238	38	QUESTION
20	1238699684697	92	QUESTION
21	1238703923495	30	QUESTION
22	1238761172461	2	QUESTION
23	1238983228483	1	QUESTION
24	1238995818189	38	QUESTION
25	1239040872338	1	QUESTION
26	1239114109610	3	QUESTION
27	1239194532591	1	QUESTION
28	1239197895759	30	QUESTION
29	1239284005753	2	QUESTION
30	1239367544338	110	QUESTION
32	1239707848274	52	QUESTION
33	1239743620128	21	QUESTION
34	1239799456888	92	QUESTION
35	1239816341658	123	QUESTION
36	1239844265963	30	QUESTION
37	1239883068830	123	QUESTION
38	1239904441365	52	QUESTION
39	1239985578708	119	QUESTION
40	1240193802782	47	QUESTION
41	1240230665207	123	QUESTION
42	1240235591744	8	QUESTION
43	1240242851839	38	QUESTION
44	1240260457876	119	QUESTION
45	1240263785947	38	QUESTION
46	1240305482115	8	QUESTION
47	1240323804769	119	QUESTION
48	1240325035187	119	QUESTION
49	1240325243495	119	QUESTION
50	1240427222877	30	QUESTION
51	1240430690545	123	QUESTION
52	1240511585784	188	QUESTION
53	1240513207803	119	QUESTION
54	1240517452411	8	QUESTION
55	1240518497587	52	QUESTION
56	1240588038106	2	QUESTION
57	1240604029544	48	QUESTION
58	1240681906229	38	QUESTION
59	1240815754763	8	QUESTION
60	1240856747012	234	QUESTION
61	1240929938428	234	QUESTION
62	1240934441963	119	QUESTION
63	1240941255996	119	QUESTION
64	1240944074919	92	QUESTION
65	1240953010515	188	QUESTION
66	1240965511989	234	QUESTION
67	1241024936098	234	QUESTION
68	1241030069292	234	QUESTION
69	1241044965472	234	QUESTION
70	1241045577163	234	QUESTION
71	1241046699801	234	QUESTION
72	1241074429330	176	QUESTION
73	1241112713315	119	QUESTION
74	1241132653605	234	QUESTION
75	1241225531064	76	QUESTION
76	1241389737053	48	QUESTION
77	1241550545220	234	QUESTION
78	1241563232518	211	QUESTION
79	1241661600694	160	QUESTION
80	1241703361791	119	QUESTION
81	1241744345724	48	POSITION
82	1241754975158	92	POSITION
83	1241758278489	92	POSITION
84	1241789979270	1	POSITION
85	1241790027429	1	POSITION
86	1241790072103	1	POSITION
87	1241790110537	1	POSITION
88	1241790289352	1	POSITION
89	1241790328362	1	POSITION
90	1241790355567	92	POSITION
91	1241790628023	1	POSITION
92	1241809579165	30	QUESTION
93	1241814381056	253	QUESTION
94	1241817104033	253	QUESTION
95	1241994836580	38	QUESTION
96	1242044956594	2	POSITION
97	1242050346278	1	POSITION
98	1242068129244	234	QUESTION
99	1242078630047	30	QUESTION
100	1242086755414	234	QUESTION
101	1242119294081	232	POSITION
102	1242123244326	8	QUESTION
103	1242150331384	1	POSITION
104	1242169015672	162	QUESTION
105	1242171697139	234	QUESTION
106	1242200756597	232	POSITION
107	1242218316619	8	POSITION
108	1242227729729	1	POSITION
109	1242246326476	1	POSITION
110	1242248801173	92	POSITION
111	1242248909739	92	POSITION
112	1242248986728	92	POSITION
113	1242249257759	92	POSITION
114	1242249319275	8	POSITION
115	1242249345548	8	POSITION
116	1242249453962	8	POSITION
117	1242249496477	8	POSITION
118	1242249625848	8	POSITION
119	1242249707521	8	POSITION
120	1242249751919	8	POSITION
121	1242271588510	52	QUESTION
122	1242302781746	253	QUESTION
123	1242303530964	52	QUESTION
124	1242310052611	234	QUESTION
125	1242325910830	3	POSITION
126	1242337052195	234	QUESTION
127	1242338283901	8	POSITION
128	1242384647024	269	POSITION
129	1242387693755	92	POSITION
130	1242396781583	234	QUESTION
131	1242409057767	8	POSITION
132	1242624102379	234	QUESTION
133	1242642882156	8	POSITION
134	1242743236856	234	QUESTION
135	1242810164890	2	POSITION
136	1242928385017	313	POSITION
137	1242928703407	1	POSITION
138	1242932818992	1	POSITION
139	1242990264439	123	QUESTION
140	1243003174173	123	QUESTION
141	1243006726214	318	QUESTION
142	1243008814378	119	QUESTION
143	1243023203175	1	QUESTION
144	1243097300020	319	QUESTION
145	1243329217280	2	POSITION
146	1243369434659	123	QUESTION
147	1243427837683	2	POSITION
148	1243444058147	3	POSITION
149	1243460595249	8	POSITION
150	1243516752056	265	NEWSREPORT
151	1243517049237	234	NEWSREPORT
152	1243521763416	30	QUESTION
153	1243522927117	119	NEWSREPORT
154	1243529391592	38	QUESTION
157	1243559001035	234	POSITION
158	1243567380966	3	QUESTION
159	1243584447541	331	QUESTION
160	1243606989968	1	POSITION
161	1243613483831	30	QUESTION
162	1243624484693	38	QUESTION
163	1243666655221	8	QUESTION
164	1243864779078	1	POSITION
165	1243865198081	1	POSITION
166	1243865235879	1	POSITION
167	1243865291878	1	POSITION
168	1243869352731	30	QUESTION
169	1243884972003	123	QUESTION
170	1243887686661	8	POSITION
171	1243891718200	1	POSITION
172	1243925738943	8	POSITION
173	1243943542530	2	POSITION
174	1243955761759	8	POSITION
175	1243961110518	1	POSITION
176	1244069701415	8	POSITION
177	1244069748674	8	POSITION
178	1244129540136	119	QUESTION
179	1244144295794	8	POSITION
180	1244165548731	30	QUESTION
181	1244196305640	73	QUESTION
182	1244201464409	8	POSITION
183	1244201605781	8	POSITION
184	1244211245359	123	QUESTION
185	1244212463428	234	QUESTION
186	1244215699339	8	POSITION
187	1244256542766	228	QUESTION
188	1244421571537	38	QUESTION
189	1244443627851	8	POSITION
190	1244449773169	2	POSITION
191	1244452320047	8	POSITION
192	1244470377370	8	POSITION
193	1244471469973	8	POSITION
194	1244513607368	38	QUESTION
195	1244685893120	38	QUESTION
196	1244716278694	123	QUESTION
197	1244718144493	2	QUESTION
198	1244729292056	1	POSITION
199	1244738796027	52	QUESTION
200	1244752513807	3	QUESTION
201	1244810282413	8	QUESTION
202	1244816935692	234	QUESTION
203	1244821546049	1	POSITION
205	1244991274967	234	QUESTION
206	1244991711878	394	QUESTION
207	1244991950899	394	QUESTION
208	1245051157095	8	POSITION
209	1245051534644	8	POSITION
210	1245077388739	52	QUESTION
211	1245077610016	52	QUESTION
212	1245132265357	3	POSITION
213	1245153611734	10	QUESTION
214	1245183166725	343	QUESTION
215	1245209026059	8	QUESTION
216	1245234498028	8	POSITION
217	1245300113991	38	QUESTION
218	1245393089380	3	POSITION
219	1245393094820	3	POSITION
220	1245423004528	119	QUESTION
221	1245428519213	3	POSITION
222	1245434820168	3	QUESTION
223	1245440498820	215	QUESTION
224	1245625618069	123	QUESTION
225	1245656821882	8	POSITION
226	1245656951369	8	POSITION
227	1245671416442	2	POSITION
228	1245671428767	2	POSITION
229	1245671445736	2	POSITION
230	1245689345872	8	POSITION
231	1245722846644	8	POSITION
232	1245727061013	3	QUESTION
233	1245727334189	3	QUESTION
234	1245740257947	427	QUESTION
235	1245812984868	343	QUESTION
236	1245870859751	8	POSITION
237	1245871499003	8	POSITION
238	1245871556834	8	POSITION
239	1245929271982	346	NEWSREPORT
240	1245934731925	1	QUESTION
241	1245965107348	8	POSITION
242	1245979000737	428	QUESTION
243	1245997698206	427	QUESTION
244	1246034891530	428	QUESTION
245	1246255615475	8	POSITION
246	1246257212742	8	POSITION
247	1246268959083	8	POSITION
248	1246286059977	350	QUESTION
249	1246361273217	123	QUESTION
250	1246425136335	8	POSITION
251	1246455239902	8	POSITION
252	1246491138239	123	QUESTION
253	1246559233007	350	QUESTION
254	1246569579153	428	QUESTION
255	1246571109800	428	QUESTION
256	1246605688709	418	QUESTION
257	1246615867752	586	QUESTION
258	1246733192790	421	QUESTION
259	1246791502753	331	QUESTION
260	1246864166336	8	POSITION
261	1246870072339	8	POSITION
262	1246974676181	586	POSITION
263	1246985537216	8	POSITION
264	1246991343100	92	QUESTION
265	1246998117545	8	POSITION
266	1247076153682	123	QUESTION
267	1247120578189	427	QUESTION
268	1247164921249	52	POSITION
269	1247216961576	2	ECONOMICEVENT
270	1247235780825	350	QUESTION
271	1247235811131	350	QUESTION
272	1247240578545	2	POSITION
273	1247426158862	498	QUESTION
274	1247551173462	2	POSITION
275	1247663224922	569	QUESTION
276	1247665379905	234	QUESTION
277	1247689928484	48	QUESTION
278	1247710746662	8	POSITION
279	1247723258363	427	QUESTION
280	1247745196061	418	QUESTION
281	1247931297019	52	QUESTION
282	1248051383834	427	QUESTION
283	1248073791799	52	QUESTION
284	1248156812918	52	QUESTION
285	1248157583486	418	QUESTION
286	1248157630525	569	QUESTION
287	1248255584607	8	POSITION
288	1248257375461	8	POSITION
289	1248273710648	119	QUESTION
290	1248333176636	961	POSITION
291	1248364355157	961	POSITION
292	1248404765088	569	QUESTION
293	1248425615508	1060	QUESTION
294	1248453637349	3	POSITION
295	1248454254840	3	FEED_ITEM
296	1248468332095	1	QUESTION
297	1248686324073	2	POSITION
298	1248697930375	418	QUESTION
299	1248767519960	1060	QUESTION
300	1248826097334	393	QUESTION
301	1248832379364	8	FEED_ITEM
302	1248845658293	52	QUESTION
303	1248845693375	52	QUESTION
304	1248921433987	30	QUESTION
305	1248986949261	8	POSITION
306	1249017626393	52	QUESTION
307	1249049322039	350	QUESTION
308	1249055047766	1	QUESTION
309	1249062565906	48	POLL
310	1249100236605	473	QUESTION
311	1249141890242	41	TECHNICAL_ANALYSIS
312	1249328034260	573	QUESTION
313	1249359667846	3	POSITION
314	1249368890957	52	QUESTION
315	1249392165812	573	POLL
316	1249394765526	3	POSITION
317	1249396272020	3	ECONOMICEVENT
318	1249412081602	1356	POSITION
319	1249444189195	1356	POSITION
320	1249452582222	1356	POSITION
321	1249533421676	1356	POSITION
322	1249536663127	52	QUESTION
323	1249537958348	3	POSITION
324	1249570379934	1356	POSITION
325	1249570961265	1356	POSITION
326	1249609271290	38	MARKET_COMMENTARY
327	1249623375584	52	QUESTION
328	1249632002442	1385	POSITION
329	1249632331649	1385	POSITION
330	1249632422514	1385	POSITION
331	1249649463145	8	POSITION
332	1249658906982	3	POSITION
333	1249934513776	1356	POSITION
334	1249934542246	1356	POSITION
335	1249934556003	1356	POSITION
336	1249935159653	1356	POSITION
337	1249938279904	1356	POSITION
338	1249941138815	1356	POSITION
339	1249955488211	240	QUESTION
342	1250027190831	48	POLL
343	1250090959226	611	QUESTION
344	1250108077181	611	POSITION
345	1250128208711	160	POSITION
346	1250141640225	1356	POSITION
347	1250142694213	1372	POSITION
348	1250151493942	1372	POSITION
349	1250165355012	160	POSITION
350	1250168440371	541	QUESTION
351	1250171698865	1356	POSITION
352	1250171913229	1356	POSITION
353	1250172002237	1356	POSITION
354	1250172039371	1356	POSITION
355	1250172068361	1356	POSITION
356	1250172093611	1356	POSITION
357	1250172105739	1356	POSITION
358	1250197377470	160	POSITION
359	1250197623660	160	POSITION
360	1250236016064	1372	POSITION
361	1250245154107	1442	QUESTION
362	1250276644452	1372	POSITION
363	1250479550423	1372	POSITION
364	1250483719511	1530	QUESTION
365	1250514937043	569	QUESTION
366	1250517637655	1356	POSITION
367	1250561167049	1372	POSITION
368	1250561968895	160	TECHNICAL_ANALYSIS
369	1250601884492	1372	POSITION
370	1250601917886	1372	POSITION
371	1250651182903	1372	POSITION
372	1250670452429	2	QUESTION
373	1250696812502	350	MARKET_COMMENTARY
374	1250720237624	1372	TECHNICAL_ANALYSIS
375	1250745453613	3	QUESTION
376	1250761200998	1403	MARKET_COMMENTARY
377	1250761260698	1403	QUESTION
378	1250762014328	611	QUESTION
379	1250885075562	1442	MARKET_COMMENTARY
380	1250912207106	1265	QUESTION
381	1250994308944	1265	QUESTION
382	1251052997373	1356	QUESTION
383	1251053701758	1356	POSITION
384	1251058504346	1705	QUESTION
385	1251127192879	1700	QUESTION
386	1251144442784	350	QUESTION
387	1251219902337	1632	QUESTION
388	1251222839805	350	QUESTION
389	1251250092663	1632	QUESTION
390	1251313531680	1372	QUESTION
391	1251317860093	498	QUESTION
392	1251360949003	1366	POSITION
393	1251390921704	1372	QUESTION
394	1251414919313	1265	POSITION
395	1251429691877	1366	POSITION
396	1251440983610	8	POSITION
397	1251475591578	913	POSITION
398	1251797759404	1655	QUESTION
400	1251826170309	8	POSITION
401	1251831300672	123	POLL
402	1251995316277	1632	QUESTION
403	1251995329706	1632	QUESTION
404	1251995335318	1632	QUESTION
405	1252078208464	1632	QUESTION
406	1252252218507	1445	TECHNICAL_INDICATOR
407	1252305040913	1446	QUESTION
408	1252310063723	1403	QUESTION
409	1252335121618	1757	QUESTION
410	1252391714207	1757	QUESTION
411	1252395539114	1606	QUESTION
412	1252400010387	1403	QUESTION
413	1252430376375	8	POSITION
414	1252491214756	1403	MARKET_COMMENTARY
415	1252508629885	1403	MARKET_COMMENTARY
416	1252526622831	1906	QUESTION
417	1252567484785	1366	POSITION
418	1252571594414	1809	POSITION
419	1252607981795	1403	QUESTION
420	1252660032439	1678	QUESTION
421	1252779423874	8	MARKET_COMMENTARY
422	1252780610730	52	QUESTION
423	1252781528634	52	QUESTION
424	1252782070783	52	QUESTION
425	1252782259790	52	QUESTION
426	1252891326267	1366	POSITION
427	1252911393267	1403	QUESTION
428	1252916852396	1655	QUESTION
429	1252927909425	2131	QUESTION
430	1252932850653	1678	QUESTION
431	1252988595215	8	POSITION
432	1252988638245	8	POSITION
433	1253008345002	8	POSITION
434	1253048930195	2122	TECHNICAL_ANALYSIS
435	1253080744699	1366	POSITION
436	1253091370760	1825	QUESTION
437	1253098796530	8	POSITION
438	1253098820703	8	POSITION
439	1253119116864	8	QUESTION
440	1253134059235	1366	POSITION
441	1253173465597	8	POSITION
442	1253239367396	8	POSITION
443	1253329431125	2199	MARKET_COMMENTARY
444	1253354148293	2241	TECHNICAL_ANALYSIS
445	1253506253680	2282	QUESTION
446	1253547533794	1403	QUESTION
447	1253547596397	1403	QUESTION
448	1253547625763	1403	QUESTION
449	1253548108694	350	QUESTION
450	1253568608495	8	POSITION
451	1253568641561	8	POSITION
452	1253634926999	8	POSITION
453	1253634979110	8	POSITION
454	1253642828941	1403	QUESTION
455	1253712646163	2342	QUESTION
456	1253712707571	350	QUESTION
457	1253723230098	2377	POSITION
458	1253756279963	1	QUESTION
459	1253783515166	1606	QUESTION
460	1253785433580	1397	QUESTION
461	1253801839834	2194	QUESTION
462	1253849844680	569	QUESTION
463	1253894441051	2420	MARKET_COMMENTARY
464	1253922187965	498	MARKET_COMMENTARY
465	1253987966954	52	QUESTION
466	1254094303333	858	QUESTION
467	1254110314880	2420	MARKET_COMMENTARY
469	1254155386153	1632	QUESTION
470	1254289369618	2528	QUESTION
471	1254385993129	8	POSITION
472	1254386085602	8	POSITION
473	1254399329836	8	QUESTION
474	1254472512781	2309	TECHNICAL_INDICATOR
475	1254473098975	1403	QUESTION
476	1254491139871	573	QUESTION
477	1254508956441	498	MARKET_COMMENTARY
478	1254556366523	8	MARKET_COMMENTARY
479	1254581502516	52	MARKET_COMMENTARY
480	1254581554039	52	MARKET_COMMENTARY
481	1254581585213	52	MARKET_COMMENTARY
482	1254581607522	52	MARKET_COMMENTARY
483	1254581649993	52	MARKET_COMMENTARY
484	1254581677134	52	MARKET_COMMENTARY
485	1254581700976	52	MARKET_COMMENTARY
486	1254730041021	2	POSITION
487	1254730074159	2	POSITION
488	1254730120882	2	POSITION
489	1254731285748	2559	TECHNICAL_INDICATOR
497	1254756695328	350	QUESTION
498	1254760819900	1354	QUESTION
499	1254764498052	2705	TECHNICAL_INDICATOR
500	1254770950769	2363	QUESTION
501	1254775008125	1470	TECHNICAL_ANALYSIS
503	1254780388790	1470	TECHNICAL_ANALYSIS
504	1254786318147	1470	POSITION
505	1254787665078	2363	QUESTION
506	1254787760768	2363	QUESTION
507	1254799092000	38	QUESTION
508	1254809054934	2559	QUESTION
509	1254835177743	2624	QUESTION
510	1254874872660	234	QUESTION
511	1254930731695	1356	POSITION
512	1254972482153	3	POSITION
513	1254980780404	2559	QUESTION
514	1254983145551	2627	POSITION
515	1254983356767	2627	POSITION
516	1254995453747	2559	QUESTION
517	1254995520511	2559	TECHNICAL_ANALYSIS
518	1255045033305	2624	QUESTION
519	1255056223419	2122	POSITION
520	1255107543245	498	MARKET_COMMENTARY
521	1255191886121	2594	QUESTION
522	1255200023573	52	TECHNICAL_ANALYSIS
523	1255341119470	3035	QUESTION
524	1255346262873	2559	QUESTION
525	1255367472536	8	POSITION
526	1255380729727	498	MARKET_COMMENTARY
527	1255417054741	2	MARKET_COMMENTARY
528	1255428259509	2	FEED_ITEM
529	1255450914009	3102	QUESTION
530	1255453926449	3	TECHNICAL_INDICATOR
531	1255461594142	3102	QUESTION
532	1255462093135	3102	QUESTION
533	1255495819636	3106	QUESTION
534	1255502830608	3102	POSITION
535	1255526446091	3102	POSITION
536	1255616482621	2206	POSITION
537	1255616527668	2206	POSITION
538	1255618955442	2420	MARKET_COMMENTARY
539	1255639527005	3254	QUESTION
540	1255641870670	3102	POSITION
541	1255641962231	3102	POSITION
542	1255642170383	3102	POSITION
543	1255642204761	3102	POSITION
544	1255642207709	3102	POSITION
545	1255642212497	3102	POSITION
546	1255642608680	3102	QUESTION
547	1255655715552	2592	QUESTION
548	1255669343597	3106	QUESTION
549	1255712844646	3106	QUESTION
550	1255712866596	3106	QUESTION
551	1255715256904	2592	MARKET_COMMENTARY
553	1255787768813	48	POLL
554	1255797018123	498	MARKET_COMMENTARY
555	1255814312252	3063	QUESTION
556	1255864938285	1991	QUESTION
558	1255901191788	52	QUESTION
559	1255901676688	52	QUESTION
560	1255971066850	3054	POLL
561	1255971092491	3054	POLL
562	1255982751025	3194	QUESTION
563	1255999825043	30	QUESTION
564	1256011701600	3106	QUESTION
565	1256011738754	3106	QUESTION
566	1256011741358	3106	QUESTION
567	1256033129949	2206	QUESTION
568	1256033142570	2206	QUESTION
569	1256054897536	3254	QUESTION
570	1256087013264	3366	QUESTION
571	1256120499541	3193	QUESTION
572	1256136620397	3194	QUESTION
573	1256136624685	3194	QUESTION
574	1256136632973	3194	QUESTION
575	1256151367001	3496	QUESTION
576	1256162084215	498	MARKET_COMMENTARY
577	1256207436789	3641	QUESTION
578	1256207483476	3641	QUESTION
579	1256207504025	3641	QUESTION
580	1256207505173	3641	QUESTION
581	1256207506853	3641	QUESTION
582	1256234084375	3641	QUESTION
583	1256250578675	3493	TECHNICAL_ANALYSIS
586	1256250670337	3493	TECHNICAL_ANALYSIS
587	1256250874048	3493	TECHNICAL_ANALYSIS
589	1256250943380	3493	TECHNICAL_ANALYSIS
590	1256250979830	3493	TECHNICAL_ANALYSIS
591	1256251024409	3493	TECHNICAL_ANALYSIS
592	1256251063631	3493	TECHNICAL_ANALYSIS
593	1256251092305	3493	TECHNICAL_ANALYSIS
594	1256251137759	3493	TECHNICAL_ANALYSIS
596	1256251189814	3493	TECHNICAL_ANALYSIS
597	1256251215012	3493	TECHNICAL_ANALYSIS
598	1256251242625	3493	TECHNICAL_ANALYSIS
599	1256266372770	3493	QUESTION
600	1256386241876	2939	QUESTION
601	1256466615856	3644	QUESTION
602	1256478990533	52	TECHNICAL_ANALYSIS
603	1256479038816	52	QUESTION
604	1256500021305	4021	QUESTION
605	1256519354430	2609	TECHNICAL_ANALYSIS
606	1256583278897	498	MARKET_COMMENTARY
607	1256616163576	207	QUESTION
608	1256674508392	52	MARKET_COMMENTARY
609	1256687004897	4173	QUESTION
610	1256751401930	8	MARKET_COMMENTARY
611	1256751532221	8	MARKET_COMMENTARY
612	1256752990719	3209	QUESTION
613	1256760461600	99	ECONOMICEVENT
614	1256762111994	52	MARKET_COMMENTARY
615	1256763654996	52	QUESTION
616	1256774296666	3948	QUESTION
617	1256778731304	3894	QUESTION
618	1256779170705	498	MARKET_COMMENTARY
619	1256780419916	3366	QUESTION
620	1256781045355	3366	QUESTION
621	1256794306918	2344	QUESTION
622	1256794307590	2344	QUESTION
623	1256839680285	394	QUESTION
624	1256846565299	52	TECHNICAL_ANALYSIS
625	1256863208808	1	QUESTION
626	1256871585034	2344	QUESTION
627	1256916459642	3074	QUESTION
628	1256920433466	52	TECHNICAL_ANALYSIS
629	1256920506490	52	TECHNICAL_ANALYSIS
630	1256920510767	52	TECHNICAL_ANALYSIS
631	1256921988475	3209	QUESTION
632	1257003008482	3919	QUESTION
633	1257014558438	4395	QUESTION
634	1257050696958	4406	TECHNICAL_ANALYSIS
635	1257085396114	4406	QUESTION
636	1257086386010	52	MARKET_COMMENTARY
637	1257113776569	3493	QUESTION
638	1257130740662	3894	POLL
639	1257147028958	2344	QUESTION
640	1257162159526	3102	QUESTION
641	1257175940575	4277	QUESTION
642	1257215451496	350	MARKET_COMMENTARY
643	1257260020941	4047	QUESTION
645	1257326723513	4406	QUESTION
646	1257348357437	4406	QUESTION
647	1257389448057	2479	QUESTION
648	1257418268966	1678	QUESTION
649	1257437146190	4303	QUESTION
650	1257439677322	3209	QUESTION
652	1257480044739	3054	POLL
653	1257495661013	2797	QUESTION
654	1257496961692	733	POLL
655	1257504985983	4173	QUESTION
656	1257510630682	2	MARKET_COMMENTARY
657	1257692970845	52	TECHNICAL_ANALYSIS
658	1257707106871	4406	QUESTION
659	1257712996870	3054	QUESTION
660	1257713215611	3054	QUESTION
661	1257734233341	4776	MARKET_COMMENTARY
662	1257739393943	1265	QUESTION
664	1257783462040	4406	QUESTION
665	1257908442409	498	MARKET_COMMENTARY
666	1258007181189	3366	QUESTION
667	1258124433339	234	QUESTION
668	1258141573385	119	QUESTION
669	1258145654363	4047	QUESTION
670	1258293978721	52	MARKET_COMMENTARY
671	1258305509001	4776	MARKET_COMMENTARY
672	1258320305519	5166	QUESTION
673	1258334606260	569	QUESTION
674	1258343660177	3078	QUESTION
675	1258352236096	5192	QUESTION
676	1258359474806	5192	QUESTION
677	1258385100140	4374	MARKET_COMMENTARY
679	1258444468753	5192	QUESTION
680	1258525484520	4610	QUESTION
681	1258525496485	4610	QUESTION
682	1258525668795	4610	QUESTION
683	1258525671963	4610	QUESTION
684	1258525672263	4610	QUESTION
685	1258541896015	5192	QUESTION
686	1258550472304	5244	QUESTION
687	1258557247815	234	QUESTION
688	1258571670321	1	QUESTION
689	1258593541074	5510	TECHNICAL_INDICATOR
690	1258625462775	5192	POLL
691	1258635076483	350	QUESTION
692	1258692849643	5193	POLL
693	1258693861583	5193	QUESTION
694	1258723120823	4047	QUESTION
695	1258764289263	4374	QUESTION
696	1258809606611	4796	MARKET_COMMENTARY
697	1258809642069	4796	MARKET_COMMENTARY
698	1258809672419	4796	MARKET_COMMENTARY
699	1258809672655	4796	MARKET_COMMENTARY
700	1258809672859	4796	MARKET_COMMENTARY
701	1258809673419	4796	MARKET_COMMENTARY
702	1258810221354	4796	TECHNICAL_ANALYSIS
703	1258810233463	4796	TECHNICAL_ANALYSIS
704	1258810234807	4796	TECHNICAL_ANALYSIS
705	1258810234947	4796	TECHNICAL_ANALYSIS
706	1258810235083	4796	TECHNICAL_ANALYSIS
707	1258810235219	4796	TECHNICAL_ANALYSIS
708	1258810235843	4796	TECHNICAL_ANALYSIS
709	1258810241883	4796	TECHNICAL_ANALYSIS
710	1258810242247	4796	TECHNICAL_ANALYSIS
711	1258810242987	4796	TECHNICAL_ANALYSIS
712	1258810243363	4796	TECHNICAL_ANALYSIS
713	1258810243447	4796	TECHNICAL_ANALYSIS
714	1258810246243	4796	TECHNICAL_ANALYSIS
715	1258810250304	4796	TECHNICAL_ANALYSIS
716	1258810252716	4796	TECHNICAL_ANALYSIS
717	1258810253976	4796	TECHNICAL_ANALYSIS
718	1258810257980	4796	TECHNICAL_ANALYSIS
719	1258810258808	4796	TECHNICAL_ANALYSIS
720	1258810260296	4796	TECHNICAL_ANALYSIS
721	1258810260360	4796	TECHNICAL_ANALYSIS
722	1258810261044	4796	TECHNICAL_ANALYSIS
723	1258810262044	4796	TECHNICAL_ANALYSIS
724	1258810262228	4796	TECHNICAL_ANALYSIS
725	1258810262636	4796	TECHNICAL_ANALYSIS
726	1258810265276	4796	TECHNICAL_ANALYSIS
727	1258810265852	4796	TECHNICAL_ANALYSIS
728	1258810266008	4796	TECHNICAL_ANALYSIS
729	1258843707765	4374	QUESTION
730	1258882340331	5193	QUESTION
731	1258893204697	569	QUESTION
732	1258906507365	5502	MARKET_COMMENTARY
733	1258906625195	5502	MARKET_COMMENTARY
734	1258914272010	52	QUESTION
735	1258914405838	52	QUESTION
736	1258914470801	52	QUESTION
737	1258933288904	5663	TECHNICAL_ANALYSIS
740	1258969573091	1871	QUESTION
741	1258969700186	1871	QUESTION
742	1258975423562	5192	POLL
743	1258984293770	4406	QUESTION
744	1259001352052	5742	MARKET_COMMENTARY
745	1259003266650	498	MARKET_COMMENTARY
746	1259045937204	5192	QUESTION
747	1259066468596	569	QUESTION
748	1259092223350	5582	POSITION
750	1259118984811	5192	MARKET_COMMENTARY
751	1259128271584	4277	POLL
753	1259144071224	5192	POLL
754	1259155259813	5107	QUESTION
755	1259157566480	4406	QUESTION
756	1259236692367	5018	QUESTION
757	1259340868317	5192	QUESTION
758	1259357713534	2540	QUESTION
759	1259377899128	4173	QUESTION
760	1259379165553	4173	POLL
761	1259379484531	4173	POLL
762	1259417360430	52	TECHNICAL_ANALYSIS
763	1259460278804	5966	POLL
764	1259460572601	5885	QUESTION
765	1259572366141	5192	POLL
766	1259572386843	5192	POLL
767	1259593441190	234	MARKET_COMMENTARY
768	1259611075663	2463	QUESTION
769	1259632959456	5174	POSITION
770	1259633253940	5174	POSITION
771	1259633271237	5174	POSITION
772	1259633343710	5174	POSITION
773	1259694624149	5174	POSITION
776	1259723342247	3078	QUESTION
777	1259745514439	3078	QUESTION
778	1259771371656	4776	MARKET_COMMENTARY
779	1259774376944	5174	MARKET_COMMENTARY
780	1259852544685	1	ECONOMICEVENT
781	1259855488781	317	QUESTION
782	1259936144401	3366	QUESTION
783	1259951952998	48	POLL
784	1259959410843	350	QUESTION
785	1259959990760	1265	QUESTION
786	1260025442117	5193	QUESTION
787	1260025512473	5193	QUESTION
788	1260033689966	52	QUESTION
789	1260050888321	3323	FEED_ITEM
790	1260106459067	5998	QUESTION
791	1260107210310	5998	QUESTION
792	1260113408220	52	QUESTION
793	1260114181684	52	QUESTION
794	1260152208879	234	QUESTION
795	1260235234563	3054	QUESTION
796	1260250903787	3493	TECHNICAL_ANALYSIS
797	1260271198395	8	POSITION
798	1260271321906	2660	QUESTION
802	1260271946873	2660	QUESTION
803	1260279080637	1403	MARKET_COMMENTARY
804	1260296941693	1298	POSITION
805	1260302047771	30	QUESTION
806	1260335351707	1356	POSITION
807	1260352936211	1403	MARKET_COMMENTARY
808	1260371061714	350	MARKET_COMMENTARY
809	1260372684995	4796	MARKET_COMMENTARY
810	1260375519824	6259	POLL
811	1260385728915	1	POSITION
812	1260434024386	1403	MARKET_COMMENTARY
813	1260434035619	1403	MARKET_COMMENTARY
814	1260481992057	6257	QUESTION
815	1260542499367	6433	TECHNICAL_INDICATOR
816	1260554917498	498	MARKET_COMMENTARY
817	1260569478740	30	QUESTION
818	1260579079452	569	QUESTION
821	1260714866112	52	TECHNICAL_ANALYSIS
822	1260715448593	52	QUESTION
823	1260872889273	6728	POLL
824	1260872957072	6728	POLL
826	1260874156513	8	MARKET_COMMENTARY
827	1260881278865	5174	POSITION
828	1260882975332	1678	QUESTION
829	1260884051878	6728	TECHNICAL_INDICATOR
830	1260891135593	4862	POLL
832	1260936339845	3948	QUESTION
833	1260942019678	5174	MARKET_COMMENTARY
834	1260942150566	5174	MARKET_COMMENTARY
835	1260944942216	6157	POSITION
836	1260944970917	6157	POSITION
837	1260989873878	52	MARKET_COMMENTARY
838	1261037205188	8	POSITION
839	1261109423930	5192	POLL
840	1261135926316	6880	NEWSREPORT
841	1261215934810	6226	QUESTION
842	1261281930198	3948	QUESTION
843	1261323636957	52	TECHNICAL_ANALYSIS
845	1261324162222	52	QUESTION
847	1261324618112	52	QUESTION
849	1261334679705	6862	QUESTION
850	1261347707085	6862	POSITION
851	1261386625423	1403	MARKET_COMMENTARY
852	1261399883127	123	QUESTION
854	1261456215470	1385	QUESTION
855	1261472628999	6998	TECHNICAL_ANALYSIS
856	1261556036297	8	POSITION
857	1261619892593	2631	QUESTION
858	1261631768163	569	QUESTION
859	1261656244511	7193	TECHNICAL_ANALYSIS
861	1261730050879	52	MARKET_COMMENTARY
862	1261730056735	52	MARKET_COMMENTARY
863	1261932199620	52	TECHNICAL_ANALYSIS
865	1261992122044	7076	QUESTION
866	1262007163866	2631	QUESTION
867	1262030411195	428	QUESTION
868	1262049222573	7432	QUESTION
869	1262058585210	1962	TECHNICAL_INDICATOR
871	1262144701980	6875	TECHNICAL_ANALYSIS
872	1262153575068	1880	POSITION
873	1262156256293	1385	TECHNICAL_INDICATOR
874	1262209102334	7484	QUESTION
875	1262214541567	428	QUESTION
876	1262275785479	48	MARKET_COMMENTARY
877	1262453998612	52	TECHNICAL_ANALYSIS
882	1262562505841	7538	POSITION
883	1262659923001	1379	QUESTION
884	1262710035238	5174	POSITION
885	1262774315270	6197	QUESTION
886	1262802642647	7193	QUESTION
887	1262815142576	1	ECONOMICEVENT
889	1262816053073	7193	TECHNICAL_ANALYSIS
890	1262882133496	1892	MARKET_COMMENTARY
891	1262893885111	3172	QUESTION
892	1262948068820	7548	QUESTION
893	1262961835566	1265	QUESTION
894	1262965596801	7763	QUESTION
895	1262976369485	3063	QUESTION
896	1262982238428	6998	POSITION
897	1262982268073	6998	POSITION
898	1263050372528	1632	QUESTION
899	1263058607667	1379	TECHNICAL_ANALYSIS
900	1263134182387	6162	QUESTION
902	1263144697083	6998	POSITION
903	1263144790566	6998	POSITION
904	1263144904262	6998	POSITION
905	1263144939443	6998	POSITION
906	1263145346647	1265	QUESTION
907	1263163298466	6712	QUESTION
908	1263171806484	6862	QUESTION
909	1263173531527	7877	QUESTION
910	1263177656640	8043	QUESTION
911	1263193935204	1385	QUESTION
912	1263198308452	8099	QUESTION
913	1263207374185	52	TECHNICAL_ANALYSIS
914	1263208038381	52	TECHNICAL_ANALYSIS
915	1263238903497	428	QUESTION
916	1263242994667	428	QUESTION
917	1263255372228	5244	POLL
918	1263261339731	7763	QUESTION
919	1263265160032	569	QUESTION
920	1263321176335	7764	POLL
921	1263325358537	1385	QUESTION
922	1263346011719	5244	QUESTION
923	1263387269784	7764	QUESTION
924	1263389360474	4778	MARKET_COMMENTARY
925	1263402912821	8	FEED_ITEM
926	1263448933702	8227	QUESTION
927	1263455706956	7872	POSITION
928	1263509947465	7193	QUESTION
929	1263513703285	7193	QUESTION
930	1263536051140	7467	POSITION
931	1263537945442	7467	POSITION
932	1263540170122	7467	POSITION
933	1263542322460	7159	QUESTION
934	1263570487061	8017	MARKET_COMMENTARY
935	1263574995542	8232	MARKET_COMMENTARY
936	1263576426279	6671	MARKET_COMMENTARY
937	1263594347369	8232	MARKET_COMMENTARY
938	1263681742895	3948	QUESTION
939	1263764670442	8501	QUESTION
940	1263767780009	52	TECHNICAL_ANALYSIS
941	1263767979937	52	TECHNICAL_ANALYSIS
942	1263768380004	52	TECHNICAL_ANALYSIS
943	1263799493210	6510	TECHNICAL_ANALYSIS
944	1263799640904	5244	POSITION
945	1263830464198	8232	QUESTION
946	1263830671543	8282	TECHNICAL_INDICATOR
947	1263879600513	8232	MARKET_COMMENTARY
948	1263893028945	586	QUESTION
949	1263925008327	7159	MARKET_COMMENTARY
950	1263948061439	234	POLL
951	1263969972308	2528	QUESTION
952	1263980110495	4640	QUESTION
953	1263998913001	3	POSITION
954	1263999434907	3	POSITION
956	1264080248331	4438	POSITION
957	1264092506101	3	POSITION
960	1264097222716	4438	TECHNICAL_INDICATOR
961	1264097342305	4438	TECHNICAL_INDICATOR
962	1264109371114	1385	QUESTION
963	1264116228596	8894	QUESTION
964	1264151381176	2528	QUESTION
965	1264175561110	8982	QUESTION
966	1264269703715	52	TECHNICAL_ANALYSIS
967	1264270365495	52	TECHNICAL_ANALYSIS
968	1264273322119	1576	TECHNICAL_INDICATOR
971	1264386181606	569	QUESTION
972	1264404767977	5588	POSITION
973	1264411024877	5588	QUESTION
974	1264440532323	8347	QUESTION
975	1264441108636	8347	QUESTION
976	1264462023700	9205	MARKET_COMMENTARY
977	1264502263364	9153	QUESTION
978	1264513684864	8733	MARKET_COMMENTARY
979	1264513895604	8733	MARKET_COMMENTARY
980	1264569366932	8	POSITION
981	1264584544288	1403	MARKET_COMMENTARY
982	1264589581550	9153	QUESTION
983	1264590418425	9153	QUESTION
985	1264592263706	7193	TECHNICAL_INDICATOR
986	1264601237831	4778	MARKET_COMMENTARY
987	1264622595403	5192	POLL
988	1264625938245	8347	QUESTION
989	1264638053441	9153	QUESTION
990	1264650584882	5174	QUESTION
991	1264666117044	5588	QUESTION
992	1264698292079	8347	QUESTION
993	1264709810983	7945	QUESTION
994	1264741105986	1499	MARKET_COMMENTARY
995	1264753709080	5588	QUESTION
996	1264755053723	6998	TECHNICAL_INDICATOR
997	1264764205131	2708	QUESTION
998	1264768682610	123	POLL
999	1264770959765	2376	QUESTION
1000	1264775038631	1403	MARKET_COMMENTARY
1001	1264777419250	5588	QUESTION
1002	1264819932746	9451	QUESTION
1003	1264839134124	5015	QUESTION
1004	1264888872202	52	TECHNICAL_ANALYSIS
1005	1264954901487	1530	QUESTION
1007	1264960612643	7193	QUESTION
1008	1265030124238	160	POSITION
1009	1265032128418	3468	TECHNICAL_ANALYSIS
1010	1265063301411	8685	QUESTION
1011	1265088103484	8733	QUESTION
1012	1265166786199	8164	POSITION
1013	1265172172222	8164	POSITION
1015	1265202018950	1	QUESTION
1016	1265209706340	123	QUESTION
1017	1265255536269	9790	MARKET_COMMENTARY
1018	1265271910431	6998	QUESTION
1019	1265277820383	9388	TECHNICAL_INDICATOR
1020	1265299257553	181	TECHNICAL_INDICATOR
1022	1265301851756	160	QUESTION
1023	1265304302710	227	QUESTION
1024	1265322784963	586	QUESTION
1025	1265344559215	2528	QUESTION
1026	1265356416212	2376	QUESTION
1027	1265386020087	3063	QUESTION
1028	1265482833836	3970	TECHNICAL_INDICATOR
1029	1265483948783	52	TECHNICAL_ANALYSIS
1030	1265500000052	612	TECHNICAL_ANALYSIS
1031	1265500444118	612	TECHNICAL_ANALYSIS
1032	1265586198133	9948	TECHNICAL_INDICATOR
1033	1265587751707	612	TECHNICAL_ANALYSIS
1034	1265602252843	2376	QUESTION
1035	1265641514560	8232	QUESTION
1036	1265644377248	5015	MARKET_COMMENTARY
1037	1265669205958	9948	TECHNICAL_ANALYSIS
1038	1265702775712	9388	QUESTION
1039	1265726270524	10051	QUESTION
1040	1265732994003	3970	QUESTION
1041	1265735071396	612	MARKET_COMMENTARY
1042	1265745931814	10066	QUESTION
1043	1265750423872	2708	QUESTION
1044	1265789140467	2528	QUESTION
1045	1265790206849	3970	QUESTION
1046	1265812649242	2376	MARKET_COMMENTARY
1047	1265813630037	8232	QUESTION
1048	1265824652596	7152	QUESTION
1049	1265842495877	612	QUESTION
1050	1265848764106	123	POLL
1051	1265862058732	612	TECHNICAL_ANALYSIS
1052	1265872742873	10215	TECHNICAL_ANALYSIS
1053	1265878260425	3970	MARKET_COMMENTARY
1054	1265892323450	9205	QUESTION
1055	1265905238363	8334	QUESTION
1056	1265930611073	3970	QUESTION
1057	1265953451875	10215	TECHNICAL_ANALYSIS
1058	1265972012212	1403	MARKET_COMMENTARY
1059	1266076758035	1265	QUESTION
1060	1266091810220	3970	QUESTION
1061	1266211910730	8733	QUESTION
1063	1266265947332	3970	QUESTION
1064	1266271011033	612	TECHNICAL_ANALYSIS
1065	1266277593026	7193	MARKET_COMMENTARY
1066	1266297659300	9045	MARKET_COMMENTARY
1067	1266324440752	10433	POLL
1068	1266327613627	10433	POLL
1069	1266328589390	2376	FEED_ITEM
1070	1266386730505	10215	TECHNICAL_ANALYSIS
1071	1266426904231	9045	TECHNICAL_ANALYSIS
1072	1266427449158	9045	QUESTION
1073	1266430164954	8942	QUESTION
1074	1266432358223	3970	QUESTION
1075	1266471466715	10215	TECHNICAL_ANALYSIS
1076	1266537288146	8733	QUESTION
1077	1266558687071	10215	TECHNICAL_ANALYSIS
1078	1266620815341	1	QUESTION
1079	1266827924525	10215	TECHNICAL_ANALYSIS
1080	1266844226243	612	MARKET_COMMENTARY
1081	1266876610218	9045	TECHNICAL_INDICATOR
1083	1266925522655	10215	TECHNICAL_ANALYSIS
1084	1266930967637	8733	MARKET_COMMENTARY
1085	1266945185825	2491	MARKET_COMMENTARY
1086	1266952444361	2491	MARKET_COMMENTARY
1088	1266997950579	9132	QUESTION
1089	1266997998713	9132	QUESTION
1090	1267021533911	2529	POSITION
1091	1267048764897	10940	QUESTION
1092	1267048893956	6998	MARKET_COMMENTARY
1093	1267065796690	10787	QUESTION
1094	1267067258638	10817	QUESTION
1095	1267124766289	8733	MARKET_COMMENTARY
1096	1267128445423	3970	POLL
1097	1267148220429	11256	QUESTION
1098	1267173172289	11122	POSITION
1099	1267173242868	11122	POSITION
1100	1267193175599	1265	QUESTION
1101	1267220936985	1	QUESTION
1102	1267265534764	9132	QUESTION
1103	1267283689795	612	TECHNICAL_ANALYSIS
1104	1267293421199	3970	QUESTION
1106	1267350143761	11179	QUESTION
1108	1267364718564	10112	TECHNICAL_ANALYSIS
1109	1267365317334	10112	POLL
1110	1267390794832	10705	MARKET_COMMENTARY
1111	1267396992258	11179	QUESTION
1113	1267442210537	11179	QUESTION
1114	1267461560277	6969	QUESTION
1115	1267475765707	11179	POLL
1116	1267536078795	11179	QUESTION
1117	1267598238169	10946	MARKET_COMMENTARY
1118	1267623112673	6113	POSITION
1120	1267660894844	498	TECHNICAL_ANALYSIS
1121	1267699245236	10999	QUESTION
1122	1267701590743	11729	MARKET_COMMENTARY
1123	1267708441823	10946	MARKET_COMMENTARY
1124	1267708634179	227	QUESTION
1125	1267731704002	3	QUESTION
1126	1267735387069	9169	QUESTION
1127	1267737955452	3970	QUESTION
1128	1267745859675	11536	QUESTION
1129	1267777465678	11729	QUESTION
1130	1267782584058	6588	QUESTION
1131	1267799939639	11179	QUESTION
1132	1267804915634	11179	QUESTION
1133	1267805268674	11776	QUESTION
1134	1267807377049	11776	QUESTION
1135	1267808165255	8458	QUESTION
1137	1267808553810	11776	QUESTION
1138	1267877747680	4778	QUESTION
1139	1267879699907	6257	QUESTION
1140	1267905809543	7193	FEED_ITEM
1141	1267944831689	3970	QUESTION
1142	1268064545358	5192	POLL
1143	1268072319020	341	QUESTION
1144	1268083265058	11776	QUESTION
1145	1268086027705	11965	QUESTION
1146	1268087141540	7187	QUESTION
1148	1268104513858	10787	TECHNICAL_INDICATOR
1149	1268122741256	11945	QUESTION
1152	1268206605369	2376	POLL
1153	1268207664735	9132	QUESTION
1154	1268242431988	3640	QUESTION
1155	1268253279156	3970	QUESTION
1156	1268253965910	350	QUESTION
1157	1268270959362	11996	TECHNICAL_INDICATOR
1158	1268277927864	12170	FEED_ITEM
1159	1268281851788	6962	QUESTION
1160	1268282893001	5192	TECHNICAL_ANALYSIS
1162	1268306803982	1403	MARKET_COMMENTARY
1163	1268336638084	3970	QUESTION
1164	1268355300266	8232	TECHNICAL_INDICATOR
1165	1268379573827	2376	MARKET_COMMENTARY
1166	1268397906428	11179	QUESTION
1167	1268423637813	350	QUESTION
1168	1268470372724	3970	QUESTION
1169	1268578663790	11179	TECHNICAL_INDICATOR
1170	1268635006707	2376	MARKET_COMMENTARY
1171	1268644608711	11991	QUESTION
1172	1268720920718	12274	TECHNICAL_INDICATOR
1173	1268759124517	12081	POSITION
1174	1268768763013	11293	TECHNICAL_ANALYSIS
1176	1268811683588	276	POSITION
1177	1268816745870	11179	MARKET_COMMENTARY
1178	1268820932126	12304	QUESTION
1179	1268842270444	11668	QUESTION
1180	1268888913553	12274	MARKET_COMMENTARY
1181	1268903825834	5192	TECHNICAL_ANALYSIS
1182	1268930383125	3328	TECHNICAL_INDICATOR
1183	1268931253076	12709	TECHNICAL_INDICATOR
1184	1268947764181	3328	QUESTION
1185	1268961966671	12732	POLL
1186	1268968506738	3328	MARKET_COMMENTARY
1188	1269014158426	586	QUESTION
1189	1269075485368	12205	QUESTION
1190	1269144745239	12274	POLL
1191	1269163933137	11179	MARKET_COMMENTARY
1192	1269204706459	12852	QUESTION
1193	1269207288331	12852	QUESTION
1194	1269232731788	3970	QUESTION
1195	1269234453512	5704	TECHNICAL_ANALYSIS
1196	1269238219442	12552	POLL
1197	1269274933155	3328	TECHNICAL_INDICATOR
1198	1269296097445	12852	POLL
1199	1269297974441	12852	POLL
1200	1269319421310	12628	QUESTION
1201	1269326699664	12911	QUESTION
1202	1269341539538	11179	TECHNICAL_ANALYSIS
1204	1269361345401	123	QUESTION
1205	1269370696192	12852	QUESTION
1206	1269393304628	12852	POLL
1207	1269414278145	12852	POLL
1208	1269417198308	12852	QUESTION
1209	1269422021777	12911	MARKET_COMMENTARY
1210	1269422977896	496	QUESTION
1211	1269426742539	2376	MARKET_COMMENTARY
1212	1269429265732	10996	QUESTION
1213	1269433698374	12732	MARKET_COMMENTARY
1215	1269438224891	13079	QUESTION
1220	1269438225897	13079	QUESTION
1221	1269438388830	13074	QUESTION
1222	1269450599130	13074	QUESTION
1223	1269472285969	2927	QUESTION
1224	1269489353973	12852	QUESTION
1225	1269499959541	1962	QUESTION
1226	1269502010426	3970	QUESTION
1227	1269502011788	3970	QUESTION
1228	1269504440393	12852	POLL
1229	1269519540050	5473	QUESTION
1230	1269521512918	3088	QUESTION
1232	1269546057245	12852	QUESTION
1233	1269546623151	11132	QUESTION
1234	1269599138453	13172	TECHNICAL_ANALYSIS
1235	1269601830085	3088	QUESTION
1236	1269646013565	3970	QUESTION
1237	1269659542049	5192	QUESTION
1238	1269692635102	2376	POLL
1239	1269810713822	12852	QUESTION
1240	1269817845748	12852	POLL
1241	1269817914822	12852	POLL
1242	1269888990054	3488	QUESTION
1243	1269904530603	612	QUESTION
1244	1269916026271	12852	MARKET_COMMENTARY
1245	1269933826240	2376	POLL
1246	1269942876827	12852	QUESTION
1247	1269958749309	350	QUESTION
1248	1269975042747	13420	POSITION
1249	1269978591897	12732	MARKET_COMMENTARY
1250	1269980720003	12852	MARKET_COMMENTARY
1251	1269989902877	12852	MARKET_COMMENTARY
1252	1269990612038	12852	QUESTION
1253	1269995939505	12852	QUESTION
1255	1270028860345	12852	MARKET_COMMENTARY
1256	1270029043658	3970	QUESTION
1257	1270061180180	3	QUESTION
1258	1270093368492	11586	QUESTION
1260	1270156377145	13111	TECHNICAL_ANALYSIS
1261	1270191482274	2376	MARKET_COMMENTARY
1262	1270205110322	9151	QUESTION
1263	1270237655956	8232	QUESTION
1264	1270280846391	2376	TECHNICAL_ANALYSIS
1265	1270307650900	612	MARKET_COMMENTARY
1266	1270308594664	612	MARKET_COMMENTARY
1268	1270347779674	612	MARKET_COMMENTARY
1269	1270399990427	612	TECHNICAL_ANALYSIS
1270	1270479427616	13700	MARKET_COMMENTARY
1271	1270486720740	3328	QUESTION
1272	1270501387443	3328	QUESTION
1273	1270531220155	11524	QUESTION
1274	1270534677291	3970	QUESTION
1275	1270566538391	3328	MARKET_COMMENTARY
1278	1270663586112	13428	QUESTION
1279	1270666123192	7575	QUESTION
1281	1270688651985	13700	QUESTION
1282	1270703699001	11921	FEED_ITEM
1283	1270724748842	2376	MARKET_COMMENTARY
1284	1270733029522	2376	POLL
1285	1270762989756	13513	POSITION
1286	1270792235334	6962	QUESTION
1287	1270822896102	2376	QUESTION
1288	1270882790057	12852	QUESTION
1289	1270895620823	11179	QUESTION
1290	1270986449110	12347	POLL
1293	1271022639691	498	QUESTION
1294	1271063140734	8597	QUESTION
1295	1271294369790	14336	QUESTION
1296	1271304984634	11179	QUESTION
1297	1271313767970	14452	TECHNICAL_ANALYSIS
1298	1271319820415	7193	QUESTION
1299	1271333027452	14452	TECHNICAL_ANALYSIS
1300	1271333498022	14452	TECHNICAL_ANALYSIS
1301	1271333629719	14452	TECHNICAL_ANALYSIS
1302	1271340369077	30	QUESTION
1303	1271340764655	5240	QUESTION
1304	1271341682682	14599	TECHNICAL_ANALYSIS
1307	1271346014454	14600	QUESTION
1308	1271349143451	14600	QUESTION
1309	1271384422711	14599	QUESTION
1310	1271388239191	14295	QUESTION
1311	1271406769428	14452	QUESTION
1312	1271409456221	13919	QUESTION
1313	1271409941316	3078	QUESTION
1314	1271428633530	14599	TECHNICAL_ANALYSIS
1324	1271450237953	14600	QUESTION
1325	1271454353552	5240	QUESTION
1326	1271504723234	14600	TECHNICAL_INDICATOR
1327	1271514645840	3193	QUESTION
1328	1271540166748	14600	TECHNICAL_ANALYSIS
1329	1271555356329	13482	MARKET_COMMENTARY
1330	1271592810719	569	QUESTION
1331	1271598847230	14892	QUESTION
1332	1271600484568	14946	FEED_ITEM
1333	1271609158551	14915	QUESTION
1335	1271627665927	14600	MARKET_COMMENTARY
1336	1271631010419	14600	QUESTION
1337	1271634423163	14915	QUESTION
1338	1271656857876	14600	TECHNICAL_ANALYSIS
1340	1271660825286	14600	MARKET_COMMENTARY
1341	1271667410685	14600	TECHNICAL_ANALYSIS
1342	1271668290848	14600	MARKET_COMMENTARY
1343	1271668507307	14600	TECHNICAL_ANALYSIS
1344	1271717494953	612	QUESTION
1346	1271744387817	3054	QUESTION
1347	1271745707610	5849	QUESTION
1348	1271762732825	4438	POSITION
1349	1271772136018	14599	QUESTION
1350	1271773997166	4755	TECHNICAL_ANALYSIS
1351	1271779203664	14549	TECHNICAL_ANALYSIS
1352	1271779213324	14549	TECHNICAL_ANALYSIS
1354	1271788089532	13662	POSITION
1356	1271828779681	5192	QUESTION
1357	1271840606549	6893	QUESTION
1358	1271842249681	5502	MARKET_COMMENTARY
1360	1271860832847	14599	QUESTION
1362	1271870785982	9169	MARKET_COMMENTARY
1363	1271884769903	5240	QUESTION
1364	1271884775865	5240	QUESTION
1365	1271884962846	5240	QUESTION
1366	1271886559398	612	QUESTION
1367	1271895795886	5240	POLL
1368	1271902668128	14599	QUESTION
1370	1271932356225	15141	QUESTION
1372	1271949610548	14600	MARKET_COMMENTARY
1373	1271950704411	14600	MARKET_COMMENTARY
1374	1271960567732	14599	QUESTION
1375	1271969223344	14915	QUESTION
1376	1271991472709	9792	POLL
1378	1272002179531	9132	QUESTION
1379	1272010153586	13482	TECHNICAL_ANALYSIS
1380	1272010180825	13482	TECHNICAL_ANALYSIS
1381	1272015000800	2376	MARKET_COMMENTARY
1382	1272026681682	14599	QUESTION
1383	1272028543034	14599	QUESTION
1384	1272076025435	14893	QUESTION
1385	1272155470765	15364	POLL
1386	1272221592875	14915	QUESTION
1387	1272239555857	14452	QUESTION
1388	1272241141930	14282	FEED_ITEM
1390	1272264962582	15470	TECHNICAL_ANALYSIS
1391	1272277534306	13277	MARKET_COMMENTARY
1392	1272317295370	4755	QUESTION
1393	1272330484043	4755	TECHNICAL_ANALYSIS
1394	1272392719140	5854	POLL
1395	1272394449316	14600	MARKET_COMMENTARY
1396	1272492991541	2163	QUESTION
1398	1272507977119	14915	POLL
1399	1272509848448	14915	QUESTION
1401	1272510932844	12911	POLL
1402	1272511221065	12911	POLL
1404	1272530157625	2376	MARKET_COMMENTARY
1405	1272574141126	14915	QUESTION
1406	1272643911739	80	QUESTION
1407	1272661456938	4755	QUESTION
1408	1272670588453	5240	QUESTION
1409	1272730898132	14699	QUESTION
1410	1272733945581	15841	QUESTION
1411	1272767797718	14656	QUESTION
1412	1272784715810	13529	QUESTION
1414	1272794127810	9942	QUESTION
1415	1272854293687	14599	TECHNICAL_ANALYSIS
1416	1272892048074	15945	POLL
1417	1272922496550	3970	QUESTION
1418	1272923460660	7687	QUESTION
1419	1272974846921	4047	QUESTION
1420	1272976881888	15545	ECONOMICEVENT
1421	1272979550468	11179	TECHNICAL_ANALYSIS
1422	1272999365902	16074	QUESTION
1423	1273042399759	16074	POLL
1424	1273045398123	16074	QUESTION
1425	1273091673388	14915	QUESTION
1426	1273107684390	5240	POLL
1429	1273161163703	15038	POLL
1430	1273165089956	350	POLL
1431	1273234665608	122	POSITION
1432	1273239109109	16254	MARKET_COMMENTARY
1433	1273320912743	5240	QUESTION
1434	1273406621140	612	TECHNICAL_ANALYSIS
1436	1273545062232	16492	POLL
1437	1273599440069	16460	QUESTION
1438	1273649027630	2376	POLL
1439	1273675743217	15344	QUESTION
1440	1273771365682	16639	QUESTION
1441	1273779303388	16655	QUESTION
1442	1273820783090	11179	QUESTION
1443	1273849116972	14599	QUESTION
1444	1273863430714	6896	QUESTION
1445	1274038531498	16040	QUESTION
1446	1274053411045	9325	QUESTION
1447	1274109927986	496	POLL
1448	1274141433614	3078	QUESTION
1449	1274154249525	9677	TECHNICAL_ANALYSIS
1451	1274175292734	13219	QUESTION
1452	1274229804046	9325	QUESTION
1455	1274280103680	2376	TECHNICAL_ANALYSIS
1456	1274324256115	15427	QUESTION
1457	1274350866039	15844	POSITION
1459	1274362258070	122	QUESTION
1460	1274370480998	10395	QUESTION
1461	1274439350568	6969	QUESTION
1462	1274499915176	7331	MARKET_COMMENTARY
1463	1274535113672	7331	TECHNICAL_ANALYSIS
1464	1274545549801	13277	MARKET_COMMENTARY
1465	1274548127968	10829	QUESTION
1466	1274607121926	14992	QUESTION
1467	1274635869753	14282	QUESTION
1468	1274639018197	17573	POSITION
1469	1274639105667	17573	POSITION
1470	1274639570219	17573	POSITION
1471	1274640469283	17573	POSITION
1472	1274656204863	17573	POSITION
1473	1274662005442	17560	MARKET_COMMENTARY
1474	1274668872668	496	QUESTION
1475	1274684880904	17573	POSITION
1476	1274685849433	17573	POSITION
1477	1274694180087	17562	POSITION
1478	1274695692250	17562	POSITION
1479	1274706108461	17562	POSITION
1480	1274759450476	13482	POLL
1481	1274798970668	16254	MARKET_COMMENTARY
1482	1274801381820	16254	MARKET_COMMENTARY
1483	1274822957134	10395	QUESTION
1484	1274867851977	4438	NEWSREPORT
1485	1274898827910	17873	QUESTION
1486	1274899709098	17042	MARKET_COMMENTARY
1487	1274960856281	14880	QUESTION
1488	1274969882903	14599	QUESTION
1489	1274969902301	18046	TECHNICAL_ANALYSIS
1490	1274970446819	14880	QUESTION
1492	1275004152160	17573	POSITION
1493	1275004389297	17573	POSITION
1494	1275004678702	17573	POSITION
1495	1275008601139	17573	POSITION
1496	1275008784413	17573	POSITION
1497	1275030951619	17359	QUESTION
1498	1275038000373	18132	TECHNICAL_ANALYSIS
1499	1275051738469	7331	MARKET_COMMENTARY
1500	1275054203261	14333	QUESTION
1501	1275113642070	4290	TECHNICAL_INDICATOR
1502	1275187244427	4928	POLL
1504	1275291479233	17868	TECHNICAL_INDICATOR
1505	1275334529819	15052	QUESTION
1508	1275396728041	18285	POLL
1509	1275396844967	18285	POLL
1510	1275400655063	10395	QUESTION
1511	1275473578793	2376	QUESTION
1512	1275483091340	123	QUESTION
1513	1275484224834	13602	POLL
1514	1275497571747	10395	QUESTION
1515	1275498925164	9677	QUESTION
1516	1275573512360	11180	QUESTION
1517	1275582071786	1372	TECHNICAL_ANALYSIS
1518	1275588048197	331	POSITION
1519	1275588065777	331	POSITION
1520	1275588189022	331	POSITION
1521	1275598795590	18285	MARKET_COMMENTARY
1522	1275607504227	10395	QUESTION
1524	1275698613531	18683	QUESTION
1525	1275715658708	7331	MARKET_COMMENTARY
1526	1275740949707	16055	POSITION
1527	1275844478857	18285	QUESTION
1528	1275844482872	18285	QUESTION
1529	1275845481811	18285	QUESTION
1530	1275874585489	18549	QUESTION
1531	1275922145176	18842	QUESTION
1532	1275922146518	18842	QUESTION
1533	1276024175627	18536	QUESTION
1534	1276109239092	9169	POLL
1535	1276120638680	18549	QUESTION
1536	1276145601324	11370	QUESTION
1537	1276162561842	16639	QUESTION
1538	1276184571302	15229	MARKET_COMMENTARY
1539	1276201590805	18549	QUESTION
1543	1276236156639	18549	QUESTION
1544	1276277564059	7331	QUESTION
1545	1276295754074	18842	QUESTION
1546	1276344282020	4778	MARKET_COMMENTARY
1547	1276356161985	18285	QUESTION
1548	1276395080529	1265	POLL
1549	1276446752205	15322	QUESTION
1550	1276483278868	9024	QUESTION
1553	1276572902323	19549	POSITION
1554	1276585545073	19549	POSITION
1555	1276617919983	16639	QUESTION
1556	1276635066385	15229	POLL
1557	1276678438573	13602	QUESTION
1559	1276721286154	19076	TECHNICAL_ANALYSIS
1560	1276769005196	13602	QUESTION
1562	1276775069403	13602	QUESTION
1563	1276849129630	19076	POLL
1564	1276872271161	7331	MARKET_COMMENTARY
1565	1276886920156	19076	TECHNICAL_INDICATOR
1566	1276887354295	19076	TECHNICAL_INDICATOR
1567	1276913008749	19076	MARKET_COMMENTARY
1568	1276913748585	19076	MARKET_COMMENTARY
1569	1276918067857	14282	QUESTION
1570	1276935501496	19076	TECHNICAL_ANALYSIS
1571	1276935776066	19076	TECHNICAL_ANALYSIS
1572	1276958696370	2376	POLL
1573	1277007748731	17675	TECHNICAL_ANALYSIS
1574	1277091705397	11605	TECHNICAL_INDICATOR
1575	1277102313806	16074	QUESTION
1576	1277179774938	13602	QUESTION
1577	1277207369901	19431	POSITION
1578	1277249590782	3208	QUESTION
1579	1277325373687	19090	MARKET_COMMENTARY
1580	1277408027943	9169	MARKET_COMMENTARY
1581	1277423359236	18488	NEWSREPORT
1582	1277429270890	19797	POSITION
1584	1277616713849	19799	TECHNICAL_ANALYSIS
1585	1277755861037	8947	QUESTION
1586	1277756633865	1	QUESTION
1587	1277782564887	20018	QUESTION
1588	1277789562188	20260	QUESTION
1592	1277790344976	20191	QUESTION
1593	1277833445481	19164	TECHNICAL_ANALYSIS
1594	1277901962079	17544	FEED_ITEM
1595	1277913965002	3274	QUESTION
1596	1277981135581	2376	TECHNICAL_ANALYSIS
1597	1278066106155	16639	POLL
1598	1278066704886	16639	MARKET_COMMENTARY
1599	1278081834650	13998	QUESTION
1600	1278324026738	20969	QUESTION
1601	1278347568516	20444	TECHNICAL_ANALYSIS
1602	1278411195339	20969	POSITION
1603	1278439330204	20969	QUESTION
1604	1278448698477	10516	QUESTION
1605	1278471400693	17675	QUESTION
1606	1278487703902	16639	QUESTION
1607	1278504796879	16639	QUESTION
1608	1278517820145	21037	QUESTION
1609	1278542486505	2376	TECHNICAL_ANALYSIS
1610	1278544206194	19182	MARKET_COMMENTARY
1611	1278642139605	19182	QUESTION
1612	1278652511934	21085	POSITION
1613	1278656499925	11874	QUESTION
1614	1278724251112	7331	QUESTION
1617	1278933010215	16532	QUESTION
1620	1279056642055	1366	POSITION
1621	1279064490295	19182	QUESTION
1622	1279188324713	3274	QUESTION
1623	1279228924319	350	QUESTION
1624	1279240736046	18285	QUESTION
1628	1279384555987	18285	QUESTION
1629	1279400233553	18285	MARKET_COMMENTARY
1630	1279471731661	18061	QUESTION
1632	1279478073076	16639	QUESTION
1633	1279530824665	2376	POLL
1634	1279559234357	16639	QUESTION
1635	1279560903497	18528	QUESTION
1636	1279563160742	612	MARKET_COMMENTARY
1637	1279571964782	612	POSITION
1638	1279572125227	612	TECHNICAL_ANALYSIS
1639	1279587683728	12556	QUESTION
1641	1279638361388	10	NEWSREPORT
1642	1279720620100	398	QUESTION
1643	1279813149585	18536	QUESTION
1644	1279907402969	1	POLL
1645	1279986138120	11179	MARKET_COMMENTARY
1646	1280167430723	13406	QUESTION
1647	1280209441800	21087	QUESTION
1648	1280241834137	2376	QUESTION
1649	1280289790151	1265	QUESTION
1651	1280315132991	17414	TECHNICAL_ANALYSIS
1652	1280335246910	18301	TECHNICAL_INDICATOR
1653	1280373308433	18728	QUESTION
1654	1280381143587	18061	QUESTION
1656	1280472288100	21087	QUESTION
1657	1280588095047	11179	MARKET_COMMENTARY
1659	1280776403922	3274	POLL
1660	1280816313005	2376	POLL
1661	1280835798203	11179	QUESTION
1662	1281021862770	16639	MARKET_COMMENTARY
1663	1281027893718	1337	QUESTION
1664	1281047274707	23568	QUESTION
1671	1281219888767	21492	QUESTION
1672	1281371870696	1372	POSITION
1673	1281372589312	8155	MARKET_COMMENTARY
1674	1281388905523	18528	QUESTION
1675	1281446101807	16639	POSITION
1676	1281446135023	16639	POSITION
1677	1281446163219	16639	POSITION
1678	1281498526820	1372	MARKET_COMMENTARY
1679	1281499018631	1372	POLL
1680	1281499283886	1372	POLL
1681	1281501510197	8	POSITION
1682	1281540472287	2376	QUESTION
1684	1281629219647	16639	QUESTION
1685	1281640066647	23833	QUESTION
1686	1281687612771	16639	POLL
1687	1281709568424	12558	QUESTION
1688	1281872962766	21328	POLL
1689	1281906144774	331	QUESTION
1690	1282049810338	18528	QUESTION
1691	1282070566383	11179	MARKET_COMMENTARY
1692	1282121494778	13529	QUESTION
1693	1282146538841	13602	QUESTION
1694	1282162046946	22597	QUESTION
1695	1282165767263	22597	QUESTION
1696	1282231977436	24596	TECHNICAL_INDICATOR
1697	1282233125706	24596	QUESTION
1698	1282253740074	24627	MARKET_COMMENTARY
1700	1282308069560	16040	QUESTION
1701	1282314052505	92	MARKET_COMMENTARY
1702	1282316014169	24410	QUESTION
1703	1282474473114	22597	QUESTION
1704	1282508538854	16172	QUESTION
1705	1282587146360	13529	QUESTION
1706	1282634510036	24505	POSITION
1707	1282637678203	13529	QUESTION
1708	1282650036396	13529	QUESTION
1709	1282683838394	14600	TECHNICAL_ANALYSIS
1710	1282686021445	24901	QUESTION
1711	1282863769410	25069	QUESTION
1713	1282876860404	22285	QUESTION
1714	1282922704717	2376	QUESTION
1716	1282945233174	3208	POSITION
1717	1282946186582	3208	POSITION
1718	1283011495958	25167	QUESTION
1719	1283011566097	25167	QUESTION
1720	1283023104903	25167	QUESTION
1721	1283045944710	3208	QUESTION
1722	1283103046146	9325	QUESTION
1723	1283251434918	331	QUESTION
1724	1283268346555	11179	MARKET_COMMENTARY
1725	1283347867482	1372	QUESTION
1726	1283358313451	25292	QUESTION
1728	1283488506735	23557	QUESTION
1729	1283520286444	25197	POSITION
1730	1283715421211	16172	QUESTION
1731	1283775498883	23075	MARKET_COMMENTARY
1732	1283790488605	25251	POLL
1733	1283930496777	13529	QUESTION
1735	1283971752239	9169	MARKET_COMMENTARY
1736	1283978213035	331	QUESTION
1737	1284012396400	13529	QUESTION
1739	1284050326648	13529	QUESTION
1740	1284072487269	9884	QUESTION
1741	1284133510971	3208	QUESTION
1742	1284152541101	13529	QUESTION
1744	1284223115469	22597	QUESTION
1745	1284326558038	13529	QUESTION
1746	1284326634963	13529	QUESTION
1747	1284368473071	25907	QUESTION
1748	1284370348938	25616	FEED_ITEM
1749	1284407164121	1	QUESTION
1750	1284523837150	25907	MARKET_COMMENTARY
1751	1284560596302	22285	QUESTION
1752	1284583377695	25424	QUESTION
1753	1284760435714	9884	QUESTION
1754	1284917300035	17066	QUESTION
1757	1285171600949	26048	QUESTION
1758	1285199592410	26296	QUESTION
1759	1285339617274	25693	MARKET_COMMENTARY
1760	1285341142588	23682	QUESTION
1761	1285427940579	24262	QUESTION
1762	1285437486648	428	QUESTION
1764	1285464744172	2376	QUESTION
1765	1285473212986	24695	QUESTION
1767	1285600623158	25693	MARKET_COMMENTARY
1768	1285679816521	25693	QUESTION
1770	1285747149105	25900	QUESTION
1771	1285761999981	25693	MARKET_COMMENTARY
1772	1285841355062	25342	POSITION
1773	1285853689335	24262	QUESTION
1774	1285968625004	2376	MARKET_COMMENTARY
1775	1286051650725	3208	QUESTION
1776	1286093727047	19373	QUESTION
1777	1286386339653	2376	TECHNICAL_ANALYSIS
1778	1286392236177	22624	QUESTION
1779	1286501480057	2376	QUESTION
1781	1286767698478	26317	QUESTION
1782	1286778632530	586	POSITION
1783	1286805423285	16312	QUESTION
1784	1286826472522	25424	QUESTION
1785	1286882866491	11834	MARKET_COMMENTARY
1786	1286892852151	24169	POSITION
1787	1286893084339	24169	POSITION
1788	1286895300686	25693	POLL
1791	1286966983179	16985	QUESTION
1792	1287002663085	24169	POLL
1793	1287021433490	26317	QUESTION
1795	1287104367752	428	QUESTION
1796	1287168961348	6376	QUESTION
1797	1287175715867	22457	QUESTION
1798	1287182263761	181	QUESTION
1800	1287507582346	2376	MARKET_COMMENTARY
1801	1287509590503	498	QUESTION
1804	1287737140008	16639	QUESTION
1805	1287761230150	26816	MARKET_COMMENTARY
1806	1287831525299	2764	QUESTION
1808	1287977393080	27315	POSITION
1809	1288021901077	27437	POSITION
1810	1288044827093	20610	QUESTION
1812	1288128396355	27516	QUESTION
1813	1288360798312	27619	TECHNICAL_ANALYSIS
1814	1288363856538	2999	QUESTION
1815	1288629549533	30	QUESTION
1816	1288726082367	25424	QUESTION
1817	1288797934824	2376	MARKET_COMMENTARY
1818	1288826875439	25424	QUESTION
1821	1289213277954	28067	POSITION
1824	1289280983854	28067	MARKET_COMMENTARY
1825	1289280991142	28067	MARKET_COMMENTARY
1826	1289305091559	28067	QUESTION
1827	1289381982051	28067	QUESTION
1828	1289482260487	28505	POLL
1829	1289482270134	28505	POLL
1830	1289591006028	25523	QUESTION
1831	1289804648776	10688	POLL
1832	1289824596220	862	QUESTION
1833	1289834933209	10688	POSITION
1834	1289836121288	10688	QUESTION
1835	1289837963981	10688	POSITION
1836	1289845069374	10688	QUESTION
1837	1289861787035	10688	QUESTION
1839	1289910060151	10688	POLL
1840	1289945421550	10688	QUESTION
1841	1290040628461	17560	POSITION
1842	1290086987816	10688	MARKET_COMMENTARY
1843	1290087176885	10688	QUESTION
1844	1290087582391	10688	POLL
1845	1290180412200	3208	QUESTION
1846	1290224200123	428	QUESTION
1849	1290480561548	119	MARKET_COMMENTARY
1851	1290530829879	16639	POLL
1852	1290533100380	24683	QUESTION
1853	1290560963067	28505	POLL
1854	1290582165626	12001	QUESTION
1855	1290607686812	9356	QUESTION
1856	1290623474624	10688	MARKET_COMMENTARY
1857	1290623941072	10688	POLL
1858	1290636252988	9045	QUESTION
1859	1290738739810	10688	MARKET_COMMENTARY
1860	1290738978999	10688	MARKET_COMMENTARY
1861	1290739064801	10688	MARKET_COMMENTARY
1862	1290753567942	428	QUESTION
1863	1290791046026	10688	QUESTION
1864	1290869417257	25523	POLL
1865	1290871196083	25523	QUESTION
1866	1290940888212	6376	QUESTION
1867	1290967612100	10688	QUESTION
1868	1290968149441	10688	QUESTION
1869	1291017848906	13602	QUESTION
1870	1291048574104	27315	QUESTION
1871	1291063313850	9024	QUESTION
1874	1291182269911	428	QUESTION
1875	1291209777735	227	QUESTION
1876	1291287451085	10688	MARKET_COMMENTARY
1877	1291304508910	25523	QUESTION
1878	1291394049512	10688	MARKET_COMMENTARY
1879	1291394174743	10688	MARKET_COMMENTARY
1880	1291569481371	23085	POLL
1881	1291627409407	2764	QUESTION
1883	1291761622288	13604	POLL
1884	1291832969095	23085	QUESTION
1885	1291929172365	1372	QUESTION
1886	1291935661820	29444	TECHNICAL_ANALYSIS
1887	1292298331532	1372	QUESTION
1888	1292304357637	9024	TECHNICAL_ANALYSIS
1889	1292540023348	27724	QUESTION
1892	1292868710877	119	MARKET_COMMENTARY
1893	1292939370289	10688	MARKET_COMMENTARY
1894	1292957900060	10688	MARKET_COMMENTARY
1895	1293008201745	30066	QUESTION
1896	1293059745769	26388	QUESTION
1897	1293087185084	30066	QUESTION
1898	1293112665663	16639	QUESTION
1899	1293156802070	6376	TECHNICAL_ANALYSIS
1900	1293424665034	10688	MARKET_COMMENTARY
1901	1293592648992	9137	POSITION
1902	1293593289351	9137	POSITION
1903	1293593645296	9137	POSITION
1904	1293613849561	586	QUESTION
1905	1293675466139	27724	QUESTION
1906	1293776279679	13604	QUESTION
1907	1293778576961	4796	TECHNICAL_ANALYSIS
1908	1293795290847	25167	TECHNICAL_ANALYSIS
1909	1293795873695	25167	MARKET_COMMENTARY
1910	1293859132185	30225	QUESTION
1911	1293935774515	30225	QUESTION
1912	1293937497523	30225	QUESTION
1913	1293947150094	10688	MARKET_COMMENTARY
1914	1293953337339	30313	POSITION
1915	1293953458053	30313	POSITION
1916	1293984452630	10688	TECHNICAL_ANALYSIS
1917	1293991090278	27724	QUESTION
1918	1293996179710	4778	MARKET_COMMENTARY
1919	1294010012690	2420	MARKET_COMMENTARY
1920	1294034586816	30225	QUESTION
1925	1294069489882	15468	FEED_ITEM
1926	1294097554813	10688	TECHNICAL_INDICATOR
1927	1294097572230	10688	TECHNICAL_INDICATOR
1930	1294213615595	1700	MARKET_COMMENTARY
1931	1294268671602	7687	QUESTION
1932	1294290212528	30480	MARKET_COMMENTARY
1933	1294298840305	17171	QUESTION
1934	1294304166950	428	QUESTION
1935	1294304269715	428	QUESTION
1936	1294306335427	10688	TECHNICAL_INDICATOR
1937	1294383262381	1308	TECHNICAL_ANALYSIS
1938	1294396586778	30544	QUESTION
1939	1294419048028	1700	MARKET_COMMENTARY
1940	1294425040388	16639	QUESTION
1941	1294499860212	10688	MARKET_COMMENTARY
1942	1294595786799	15008	QUESTION
1943	1294613355828	30480	QUESTION
1944	1294711190043	28971	QUESTION
1945	1294715025780	10688	MARKET_COMMENTARY
1946	1294760732303	26388	QUESTION
1947	1294770395484	10688	MARKET_COMMENTARY
1948	1294802393445	10688	MARKET_COMMENTARY
1949	1294809168630	10688	MARKET_COMMENTARY
1951	1295054710907	10688	TECHNICAL_INDICATOR
1952	1295055429322	10688	TECHNICAL_INDICATOR
1954	1295217873909	30480	QUESTION
1955	1295222826475	30783	TECHNICAL_INDICATOR
1957	1295309981417	27724	QUESTION
1958	1295351544370	16639	QUESTION
1961	1295424757207	30561	POSITION
1962	1295448030864	22425	QUESTION
1963	1295494812687	30066	POLL
1964	1295517614067	16639	POLL
1965	1295548010644	16639	QUESTION
1966	1295575201731	10688	MARKET_COMMENTARY
1967	1295906432246	14346	QUESTION
1968	1295978071274	13695	QUESTION
1969	1296024717772	1700	POLL
1970	1296164943593	30281	QUESTION
1971	1296169892181	6376	TECHNICAL_ANALYSIS
1972	1296252826150	10688	MARKET_COMMENTARY
1973	1296427774257	24442	QUESTION
1974	1296427777704	24442	QUESTION
1975	1296451180361	10688	MARKET_COMMENTARY
1977	1296473928020	21585	POLL
1978	1296490879534	1	QUESTION
1979	1296495234025	12580	QUESTION
1980	1296508894789	6376	QUESTION
1981	1296534308142	7331	TECHNICAL_ANALYSIS
1982	1296534522518	7331	TECHNICAL_INDICATOR
1983	1296615028260	7331	TECHNICAL_INDICATOR
1984	1296790575053	7331	TECHNICAL_INDICATOR
1985	1296876222930	7331	TECHNICAL_INDICATOR
1986	1297061040640	30480	QUESTION
1987	1297103956935	28514	QUESTION
1988	1297126794879	7331	TECHNICAL_INDICATOR
1989	1297222263143	7331	TECHNICAL_INDICATOR
1990	1297278633971	28971	QUESTION
1991	1297395315965	7331	TECHNICAL_INDICATOR
1992	1297474142007	7331	TECHNICAL_INDICATOR
1993	1297734667866	7331	TECHNICAL_INDICATOR
1994	1297785939971	30066	POSITION
1995	1297824635000	7331	TECHNICAL_INDICATOR
1996	1297903967567	7331	QUESTION
1997	1297997075620	30496	POLL
1998	1298052336085	1372	QUESTION
1999	1298153937472	26025	QUESTION
2000	1298242436756	24758	POSITION
2001	1298305977346	30066	POSITION
2002	1298306123447	30066	POSITION
2003	1298620540378	8458	QUESTION
2004	1298622230644	1700	MARKET_COMMENTARY
2005	1298691367737	7331	TECHNICAL_INDICATOR
2006	1298885530202	19043	POLL
2007	1298996552181	31323	POSITION
2008	1299111761923	30066	POSITION
2009	1299152106956	19043	POLL
2010	1299167059016	12580	QUESTION
2011	1299545007371	31170	QUESTION
2012	1299590866335	8458	QUESTION
2013	1299616443439	15655	POSITION
2014	1299634687665	23085	QUESTION
2015	1299724355861	1700	QUESTION
2016	1299847706773	30496	POLL
2017	1299914715015	7331	TECHNICAL_INDICATOR
2018	1300061695849	31601	QUESTION
2019	1300124100286	16193	QUESTION
2020	1300554155329	16193	QUESTION
2021	1300581039324	14782	POLL
2023	1300629687783	30480	QUESTION
2024	1300704716462	1917	QUESTION
2026	1301850739817	498	QUESTION
2027	1302059425813	7331	TECHNICAL_INDICATOR
2028	1302231216946	32412	NEWSREPORT
2029	1302341326687	19043	QUESTION
2030	1302509997136	30812	POLL
2031	1302617489198	32488	QUESTION
2032	1302704805237	17957	POSITION
2033	1302877785186	29839	POSITION
2034	1303037664378	32473	QUESTION
2037	1303479539054	17957	POSITION
2038	1303479742826	17957	POSITION
2039	1303479753589	17957	POSITION
2040	1303807320175	26025	QUESTION
2041	1303813184488	8458	QUESTION
2042	1304117080079	16193	QUESTION
2044	1304308240357	30943	QUESTION
2045	1304330001737	26025	QUESTION
2046	1304375098478	17943	QUESTION
2050	1304980115581	26025	QUESTION
2051	1305151208879	16193	QUESTION
2054	1305451499170	19043	QUESTION
2056	1305514853779	6272	POSITION
2058	1305853739836	14600	TECHNICAL_ANALYSIS
2059	1305892194573	33272	QUESTION
2061	1307043915207	15597	POLL
2062	1307043918426	15597	POLL
2063	1307416290786	33462	QUESTION
2064	1308171560289	19373	TECHNICAL_INDICATOR
2065	1308590144105	33722	POSITION
2067	1308831578537	30988	POSITION
2068	1308915416987	30988	POSITION
2069	1308919823959	2922	QUESTION
2070	1309066254649	14969	QUESTION
2071	1309197088742	15247	QUESTION
2073	1309476015962	33722	QUESTION
2074	1309483489471	18319	POSITION
2075	1309917273010	25523	QUESTION
2076	1310572500569	4778	POLL
2077	1311089826013	33668	POSITION
2078	1311151396088	5015	QUESTION
2079	1311151402991	5015	QUESTION
2081	1312892552695	35263	POLL
2082	1313037500383	1372	QUESTION
2083	1313037502620	1372	QUESTION
2084	1313050670901	32877	QUESTION
2085	1313073687140	31403	POSITION
2086	1313169922544	9045	TECHNICAL_INDICATOR
2087	1313545283479	35145	QUESTION
2088	1314315863095	612	QUESTION
2089	1315574802469	35445	QUESTION
2090	1315574803478	35445	QUESTION
2092	1317861278987	19680	QUESTION
2093	1317979974286	32877	QUESTION
2094	1320391352055	8	POLL
2095	1320801035517	33638	QUESTION
2096	1320928521804	36468	QUESTION
2097	1321210150664	19043	QUESTION
2098	1321428119929	19680	QUESTION
2099	1321451251301	9356	QUESTION
2100	1322668965758	30566	QUESTION
2101	1322681389668	36147	NEWSREPORT
2103	1324367629460	37190	QUESTION
2104	1325884524914	9045	QUESTION
2106	1326128063893	36100	QUESTION
2110	1327373513478	19900	QUESTION
2111	1327551535885	36320	QUESTION
2112	1327595997962	30566	QUESTION
2113	1328578032901	428	QUESTION
2114	1328578075835	428	QUESTION
2116	1328655143090	30480	QUESTION
2117	1330358280783	21328	MARKET_COMMENTARY
2118	1330789431581	15409	MARKET_COMMENTARY
2119	1331562171259	12580	QUESTION
2121	1332828792367	8458	QUESTION
2122	1333942263504	34396	QUESTION
2123	1334863120558	40618	TECHNICAL_ANALYSIS
2124	1335086283630	40618	MARKET_COMMENTARY
2125	1335086658403	40618	TECHNICAL_ANALYSIS
2126	1335188216177	40618	QUESTION
2127	1337094587936	40618	QUESTION
2129	1337198542012	40586	QUESTION
2133	1338048057477	1577	POLL
2134	1338213780573	26158	MARKET_COMMENTARY
2135	1338220236108	42859	POSITION
2136	1338813188815	30476	QUESTION
2138	1339468015248	23682	QUESTION
2139	1340229589867	43431	POSITION
2140	1342284381479	19882	POLL
2142	1343497308560	39734	QUESTION
2143	1343751037047	39734	QUESTION
2145	1344751830190	7331	MARKET_COMMENTARY
2146	1345957961983	7331	MARKET_COMMENTARY
2147	1346563890351	7331	MARKET_COMMENTARY
2148	1349657940886	40618	MARKET_COMMENTARY
2149	1349658127382	40618	MARKET_COMMENTARY
2150	1349658219453	40618	MARKET_COMMENTARY
2151	1349658353968	40618	TECHNICAL_ANALYSIS
2152	1349658435200	40618	TECHNICAL_ANALYSIS
2153	1349658504020	40618	TECHNICAL_ANALYSIS
2154	1349702094955	40618	TECHNICAL_ANALYSIS
2155	1349836226910	42404	QUESTION
2156	1349910160212	40618	POLL
2157	1350177576635	7331	TECHNICAL_ANALYSIS
2158	1350248326872	40618	QUESTION
2159	1350248517500	40618	MARKET_COMMENTARY
2160	1350718990723	20969	QUESTION
2161	1350807106242	46002	QUESTION
2164	1351861084559	45432	QUESTION
2165	1354144597105	9045	QUESTION
2166	1354835963636	9045	QUESTION
2167	1355092786614	37605	MARKET_COMMENTARY
2168	1355375578052	9045	QUESTION
2170	1355463165878	9045	QUESTION
2173	1355463375902	9045	QUESTION
2185	1355583851147	46568	QUESTION
2190	1355590206199	47070	QUESTION
2191	1355753790102	45432	QUESTION
2192	1356659693662	44603	QUESTION
2194	1360924147318	30480	QUESTION
2195	1361565394927	1	QUESTION
2196	1361871580657	13230	QUESTION
2198	1362185240939	40804	QUESTION
2202	1363022433578	22285	QUESTION
2203	1363149641533	45870	QUESTION
2204	1363756101575	35032	QUESTION
2205	1363790430914	47436	TECHNICAL_ANALYSIS
2206	1364152909934	1	QUESTION
2208	1364229463884	46494	QUESTION
2209	1364573902895	41447	QUESTION
2210	1365244638914	47436	TECHNICAL_ANALYSIS
2211	1365375847265	47436	TECHNICAL_ANALYSIS
2212	1366707921024	37605	MARKET_COMMENTARY
2214	1367505885503	35032	QUESTION
2215	1368053271312	47436	MARKET_COMMENTARY
2216	1368186288287	44603	QUESTION
2217	1368410962410	47436	TECHNICAL_ANALYSIS
2219	1368460680502	47436	TECHNICAL_ANALYSIS
2221	1368545765716	47436	TECHNICAL_ANALYSIS
2222	1368934470898	49560	QUESTION
2223	1369237622560	47436	TECHNICAL_ANALYSIS
2224	1369240439269	47436	TECHNICAL_ANALYSIS
2225	1369305313410	47436	TECHNICAL_ANALYSIS
2226	1369989624800	47436	TECHNICAL_ANALYSIS
2227	1370210107758	35654	QUESTION
2228	1370256624224	45695	QUESTION
2229	1370574013341	47436	TECHNICAL_ANALYSIS
2230	1371035469684	50076	QUESTION
2231	1371065910791	50023	QUESTION
2232	1371103066798	50061	TECHNICAL_ANALYSIS
2233	1371280478482	50061	TECHNICAL_ANALYSIS
2234	1371423640262	47436	MARKET_COMMENTARY
2236	1371556499887	49882	QUESTION
2240	1373106584597	50061	TECHNICAL_ANALYSIS
2242	1373417847112	50061	TECHNICAL_ANALYSIS
2245	1376931752321	37862	QUESTION
2246	1378246830056	36091	QUESTION
2247	1378339107891	40618	MARKET_COMMENTARY
2248	1378591691467	40618	MARKET_COMMENTARY
2249	1379615414107	40618	MARKET_COMMENTARY
2250	1379790646970	40618	MARKET_COMMENTARY
2252	1379940077902	47995	QUESTION
2254	1383178258888	35123	QUESTION
2255	1383337782568	52522	POSITION
2256	1388268644089	37741	QUESTION
